<?xml version="1.0" encoding="UTF-8" standalone="yes"?>
<manifest>
  <control namespace="MscrmTools" constructor="LookupToPicklist" version="0.0.4" display-name-key="Control_Display_Name_Key" description-key="Control_Description_Key" control-type="standard" preview-image="img/LookupToPicklist_preview.png" api-version="1.3.3">
    <property name="lookup" display-name-key="lookup_Display_Key" description-key="lookup_Desc_Key" of-type="Lookup.Simple" usage="bound" required="true"/>
    <property name="dependantLookup" display-name-key="dependantLookup_Display_Key" description-key="dependantLookup_Desc_Key" of-type="Lookup.Simple" usage="bound" required="false"/>
    <property name="attributemask" display-name-key="attributemask_Display_Key" description-key="attributemask_Desc_Key" of-type="SingleLine.Text" usage="input" required="false"/>
    <property name="favorites" display-name-key="favorites_Display_Key" description-key="favorites_Desc_Key" of-type="SingleLine.Text" usage="input" required="false"/>
    <property name="sortByName" display-name-key="sortByName_Display_Key" description-key="sortByName_Desc_Key" of-type="Enum" default-value="0" usage="input" required="true">
      <value name="Yes" display-name-key="yes_Display_Key" description-key="yes_Desc_Key">1</value>
      <value name="No" display-name-key="no_Display_Key" description-key="no_Desc_Key">0</value>
    </property>
    <property name="mruSize" display-name-key="mruSize_Display_Key" description-key="mruSize_Desc_Key" of-type="Whole.None" usage="input" default-value="3" required="false"/>
    <property name="addNew" display-name-key="addNew_Display_Key" description-key="addNew_Desc_Key" of-type="Enum" default-value="0" usage="input" required="true">
      <value name="Yes" display-name-key="yes_Display_Key" description-key="yes_Desc_Key">1</value>
      <value name="No" display-name-key="no_Display_Key" description-key="no_Desc_Key">0</value>
    </property>
    <property name="addSearch" display-name-key="addSearch_Display_Key" description-key="addSearch_Desc_Key" of-type="Enum" default-value="0" usage="input" required="true">
      <value name="Yes" display-name-key="yes_Display_Key" description-key="yes_Desc_Key">1</value>
      <value name="No" display-name-key="no_Display_Key" description-key="no_Desc_Key">0</value>
    </property>
    <resources>
      <code path="bundle.js" order="1"/>
      <resx path="strings/LookupToPicklist.1036.resx" version="1.0.0"/>
      <resx path="strings/LookupToPicklist.1033.resx" version="1.0.0"/>
    </resources>
    <external-service-usage enabled="false"/>
    <feature-usage>
      <uses-feature name="Utility" required="true"/>
      <uses-feature name="WebAPI" required="true"/>
    </feature-usage>
    <built-by name="pac" version="1.10.4"/>
  </control>
</manifest>