<?xml version="1.0" encoding="UTF-8" standalone="yes"?>
<manifest>
  <control namespace="MscrmTools" constructor="NNCheckboxes" version="1.0.85" display-name-key="NNCheckboxes_Display_Key" description-key="NNCheckboxes_Desc_Key" control-type="standard" preview-image="imgs/nncheckboxes.png" api-version="1.1.0">
    <data-set name="nnRelationshipDataSet" display-name-key="nnRelationshipDataSet_Display_Key">
      <property-set name="displayAttribute" display-name-key="targetEntity_Display_Key" description-key="targetEntity_Desc_Key" of-type="SingleLine.Text" usage="bound" required="true"/>
      <property-set name="backgroundColorAttribute" display-name-key="backgroundColorAttribute_Display_Key" description-key="backgroundColorAttribute_Desc_Key" of-type-group="colorTypes" usage="bound" required="false"/>
      <property-set name="foreColorAttribute" display-name-key="foreColorAttribute_Display_Key" description-key="foreColorAttribute_Desc_Key" of-type-group="colorTypes" usage="bound" required="false"/>
      <property-set name="categoryAttribute" display-name-key="categoryAttribute_Display_Key" description-key="categoryAttribute_Desc_Key" of-type-group="categoryTypes" usage="bound" required="false"/>
      <property-set name="filterDataSetAttribute" display-name-key="filterDataSetAttribute_Display_Key" description-key="filterDataSetAttribute_Desc_Key" of-type-group="filterTypes" usage="bound" required="false"/>
      <property-set name="tooltipAttribute" display-name-key="tooltipAttribute_Display_Key" description-key="tooltipAttribute_Desc_Key" of-type-group="text" usage="bound" required="false"/>
    </data-set>
    <property name="fpa" display-name-key="fpa_Display_Key" description-key="fpa_Desc_Key" of-type-group="filterTypes" usage="input" required="false"/>
    <property name="relationshipSchemaName" display-name-key="relationshipSchemaName_Display_Key" description-key="relationshipSchemaName_Desc_Key" of-type="SingleLine.Text" usage="input" required="false"/>
    <property name="columnsNumber" display-name-key="columnsNumber_Display_Key" description-key="columnsNumber_Desc_Key" of-type="Whole.None" usage="input" required="true" default-value="2"/>
    <property name="useToggleSwitch" display-name-key="useToggleSwitch_Display_Key" description-key="useToggleSwitch_Desc_Key" of-type="Enum" usage="input" required="true">
      <value name="True" display-name-key="useToggleSwitchTrue" description-key="useToggleSwitchTrue_Desc">True</value>
      <value name="False" display-name-key="useToggleSwitchFalse" description-key="useToggleSwitchFalse_Desc" default="true">False</value>
    </property>
    <property name="toggleDefaultBackgroundColorOff" display-name-key="toggleDefaultBackgroundColorOff_Display_Key" description-key="toggleDefaultBackgroundColorOff_Desc_Key" of-type="SingleLine.Text" usage="input" required="false" default-value="#CC0000"/>
    <property name="toggleDefaultBackgroundColorOn" display-name-key="toggleDefaultBackgroundColorOn_Display_Key" description-key="toggleDefaultBackgroundColorOn_Desc_Key" of-type="SingleLine.Text" usage="input" required="false" default-value="#008800"/>
    <property name="showCustomErrors" display-name-key="showCustomErrors_Display_Key" description-key="showCustomErrors_Desc_Key" of-type="Enum" usage="input" required="true" default-value="0">
      <value name="Yes" display-name-key="yes_Display_Key" description-key="yes_Desc_Key">1</value>
      <value name="No" display-name-key="no_Display_Key" description-key="no_Desc_Key" default="true">0</value>
    </property>
    <property name="addCategorySelector" display-name-key="addCategorySelector_Display_Key" description-key="addCategorySelector_Desc_Key" of-type="Enum" default-value="0" usage="input" required="true">
      <value name="Yes" display-name-key="yes_Display_Key" description-key="yes_Desc_Key">1</value>
      <value name="No" display-name-key="no_Display_Key" description-key="no_Desc_Key">0</value>
    </property>
    <property name="displaySearch" display-name-key="displaySearch_Display_Key" description-key="displaySearch_Desc_Key" of-type="Enum" default-value="0" usage="input" required="true">
      <value name="Yes" display-name-key="yes_Display_Key" description-key="yes_Desc_Key">1</value>
      <value name="No" display-name-key="no_Display_Key" description-key="no_Desc_Key">0</value>
    </property>
    <type-group name="categoryTypes">
      <type>SingleLine.Text</type>
      <type>OptionSet</type>
      <type>TwoOptions</type>
    </type-group>
    <type-group name="filterTypes">
      <type>Lookup.Simple</type>
      <type>SingleLine.Text</type>
      <type>OptionSet</type>
      <type>TwoOptions</type>
    </type-group>
    <type-group name="colorTypes">
      <type>SingleLine.Text</type>
      <type>OptionSet</type>
    </type-group>
    <type-group name="text">
      <type>SingleLine.Text</type>
      <type>Multiple</type>
    </type-group>
    <resources>
      <code path="bundle.js" order="1"/>
      <css path="css/NNCheckboxes.css" order="1"/>
      <resx path="strings/NNCheckboxes.1033.resx" version="1.0.0"/>
      <resx path="strings/NNCheckboxes.1036.resx" version="1.0.0"/>
    </resources>
    <feature-usage>
      <uses-feature name="Utility" required="true"/>
      <uses-feature name="WebAPI" required="true"/>
    </feature-usage>
    <built-by name="pac" version="1.5.3"/>
  </control>
</manifest>