<?xml version="1.0" encoding="UTF-8" standalone="yes"?>
<manifest>
  <control namespace="MscrmTools" constructor="DateAsCheckbox" version="0.0.3" display-name-key="DateAsCheckbox" description-key="DateAsCheckbox_description" control-type="standard" api-version="1.2.1">
    <property name="DateAttribute" display-name-key="DateAttribute_Display_Key" description-key="DateAttribute_Desc_Key" of-type-group="dates" usage="bound" required="true"/>
    <property name="offColor" display-name-key="offColor_Display_Key" description-key="offColor_Desc_Key" of-type="SingleLine.Text" default-value="" usage="input" required="false"/>
    <property name="onColor" display-name-key="onColor_Display_Key" description-key="onColor_Desc_Key" of-type="SingleLine.Text" default-value="" usage="input" required="false"/>
    <property name="switchColor" display-name-key="switchColor_Display_Key" description-key="switchColor_Desc_Key" of-type="SingleLine.Text" default-value="" usage="input" required="false"/>
    <property name="layout" display-name-key="layout_Display_Key" description-key="layout_Desc_Key" of-type="Enum" usage="input" default-value="Round" required="true">
      <value name="Round" display-name-key="layoutRound_Display_Key" description-key="layoutRound_Desc_Key">Round</value>
      <value name="Square" display-name-key="layoutSquare_Display_Key" description-key="layoutSquare_Desc_Key">Square</value>
    </property>
    <type-group name="dates">
      <type>DateAndTime.DateAndTime</type>
      <type>DateAndTime.DateOnly</type>
    </type-group>
    <resources>
      <code path="bundle.js" order="1"/>
      <css path="css/DateAsCheckbox.css" order="1"/>
      <resx path="strings/DateAsCheckbox.1033.resx" version="1.0.0"/>
      <resx path="strings/DateAsCheckbox.1036.resx" version="1.0.0"/>
    </resources>
    <built-by name="pac" version="1.2.6"/>
  </control>
</manifest>